Subject,left.caudal.anterior.cingulate,left.caudal.middle.frontal,left.cuneus,left.entorhinal,left.fusiform,left.inferior.parietal,left.inferior.temporal,left.isthmus.cingulate,left.lateral.occipital,left.lateral.orbitofrontal,left.lingual,left.medial.orbitofrontal,left.middle.temporal,left.parahippocampal,left.paracentral,left.pars.opercularis,left.pars.orbitalis,left.pars.triangularis,left.pericalcarine,left.postcentral,left.posterior.cingulate,left.precentral,left.precuneus,left.rostral.anterior.cingulate,left.rostral.middle.frontal,left.superior.frontal,left.superior.parietal,left.superior.temporal,left.supramarginal,left.transverse.temporal,left.insula,right.caudal.anterior.cingulate,right.caudal.middle.frontal,right.cuneus,right.entorhinal,right.fusiform,right.inferior.parietal,right.inferior.temporal,right.isthmus.cingulate,right.lateral.occipital,right.lateral.orbitofrontal,right.lingual,right.medial.orbitofrontal,right.middle.temporal,right.parahippocampal,right.paracentral,right.pars.opercularis,right.pars.orbitalis,right.pars.triangularis,right.pericalcarine,right.postcentral,right.posterior.cingulate,right.precentral,right.precuneus,right.rostral.anterior.cingulate,right.rostral.middle.frontal,right.superior.frontal,right.superior.parietal,right.superior.temporal,right.supramarginal,right.transverse.temporal,right.insula
KKI2009-01,3.27466647854458,3.11882260287998,2.43781585371334,5.37341692678978,4.54410242969587,3.27268850727177,4.54632531714612,3.60010214282804,3.10468923168708,4.27856204444842,3.6890286192583,4.26206048387072,3.95626990475283,3.26452326845733,2.42331767914314,3.2621228783439,3.69861411582732,3.69414063797005,2.6092579446244,2.5563318977711,3.42362499062555,2.79434583888632,3.34916152537731,4.22966226580075,3.62833418449357,3.21721497940162,2.38699716292229,3.37147882680417,3.01216625663977,2.83635380820258,4.19944984027256,4.04713052460493,3.09311264980184,2.30941505084701,5.24491463843149,4.8442461747625,3.74164404846017,5.01215485332618,3.40010098159701,2.96954989956772,4.1743227124424,3.3608849272084,4.29793714660602,4.30147535611139,3.27173767961534,2.55484487344979,3.3520519057497,3.63475154852605,3.49430774092181,2.61605098685327,2.55560608432704,3.28003480043973,2.83414436891225,3.22486452190722,4.51489108816113,3.70035324859007,3.32817404432368,2.28781030908488,3.52792808713722,3.47026144679756,2.86758632918037,4.37776225403484
KKI2009-02,3.11063560546499,2.69888522883585,2.19716192505871,5.49284002161833,4.23091473597187,3.27395262912672,4.6440278823333,2.89449785442693,3.11041246615521,4.10724103146311,3.31450507389919,3.68337730575362,3.83210952415706,3.42513102725797,2.08345970813876,2.90099104939462,3.42921736836433,3.0265249256097,2.38477773535917,2.39256180780321,2.82621480571491,2.56190175986838,2.66471289772456,3.73471972921652,3.24433498786707,2.65190747616142,2.15815076914838,3.43481628899562,3.05903641520336,2.14797861828949,3.751120199724,3.04342357026057,2.83747764007645,2.30032616703684,5.4937744500243,4.74004970178381,3.55623617034904,5.2859372154054,2.84067675749019,3.46731076436938,4.0777093409432,3.02063349649745,3.68010533371648,4.51175749314297,3.40141360944506,2.26146652384692,2.84306716613916,3.33027438991502,3.13637772261758,2.63203601869528,2.26979389297464,3.24995383781333,2.70318210371283,2.74868984488891,3.72983852386026,3.85817272953599,3.03584903860728,2.15383225756145,3.63450249583662,2.97798750177436,2.38669234095223,3.34187612099066
KKI2009-03,3.25836971841346,2.43620934514135,2.47514835732825,4.78773892917207,4.57031759575307,2.76502493932386,5.04857048850544,3.58088043335563,3.03764936764403,4.19976920529648,3.68471338328886,3.86041316274092,3.75964766965954,3.35529039306023,2.13618797407605,2.91214361727884,3.16037719554311,2.88833870645645,2.25912258864589,1.75766768527904,3.25048288224053,2.32977842433338,3.2748512396414,4.38855421854877,3.24282534422034,2.70220681525925,2.05238122340875,3.26348518698499,2.47718136443597,2.40227388270532,3.79625031409892,3.68668496863097,2.57712077377774,2.41369561932119,4.3297752958527,4.80011234103535,3.42007553602258,4.99110394260167,3.30837882405464,3.05353094298297,4.37136694124355,3.23646178284784,4.13415002472815,4.16329379886795,3.19941110380422,2.09762028846699,2.86112824119618,3.32672124714854,2.74324009441917,3.09770772791663,2.00751130839565,3.66265535474438,2.546386905509,3.08428833275338,4.4883716177572,3.71725533621458,3.18500942053625,2.05516117170383,3.6461681269764,2.48798474852921,2.40643125981996,3.91412061481166
KKI2009-04,2.75826483826439,2.19412243976838,2.99783953185099,5.94536631179717,4.93178858951831,3.10653597182098,5.17757839828594,3.13685896512835,3.71502173478689,4.13725576016042,4.240585680096,3.57882130228914,3.9296954584309,3.47073144045369,2.06254470325136,2.85286141027104,2.99758733866087,2.72957478451375,3.15522075041377,1.95148514762202,2.899465529869,2.1343137173677,3.20972897023132,3.65875591921246,2.61536381473813,2.32065848987588,1.9960142355597,3.2635921397271,2.61223290003348,2.43030552391533,3.83084167512376,3.23035832207892,2.37828801006652,2.82013081281425,5.21097734290862,4.54296466684616,2.97728289033182,5.0891428280784,2.93809792245642,3.56596930120404,3.80256720483141,3.95434145107274,3.67180159717278,3.54695645285923,3.26970685020329,1.95181109337441,2.47919266166723,2.97698654780157,2.95433353539975,3.34982790037426,2.14474542491972,2.92026165224529,2.56760489010511,2.98603212946082,4.00717345112254,3.22844243173576,2.56066545220798,1.99638801520731,3.51069730637743,2.68668573683434,2.46659395805062,3.73257421203833
KKI2009-05,3.14787857845854,2.38827620468247,2.50710278042165,5.97347604956281,5.29325307917665,3.30626166301559,5.68018572134486,3.45595605810448,3.34025784551699,4.32808400610719,3.82031444750167,4.02773161450831,4.45288820477803,3.4002795884088,2.03057781654334,3.02659869991935,3.37217371317805,3.05297114240043,2.87696624118364,2.11034162350416,2.9060204371503,2.65366354011799,3.15531094739086,4.18516776979097,3.13254483396268,2.62797660759331,2.15909132072166,3.94887678032039,3.31884235282864,2.70428930854866,4.13161727526913,3.11641190949898,2.57818415282866,2.28252242819527,5.66266342910532,5.5206522733761,3.19527386229692,5.56692196837401,2.93548929234036,2.98923284199978,4.03530201224465,3.96483046906575,4.12440643308289,4.41320479889144,3.69519376689509,1.91673903476378,3.18615091046928,3.5166841613442,3.29366828647759,2.84357720943453,2.17183971560521,3.12957283569773,2.65805632318504,2.92776631961237,4.33364005058233,3.19175742848196,3.14603317202693,2.04102895234693,4.36418411358,2.96669130763571,2.38055409154193,4.5158239451854
KKI2009-06,3.35338987972563,2.27724218377085,2.36349294401507,5.4496247398861,5.00941555824504,2.93110779325414,5.15639058076663,3.29553119007739,3.24182817318055,4.34202196207656,3.85797492360365,3.7360432617678,4.16020154247759,3.1472409102277,2.14473174684198,2.76814329431699,3.42472937846295,3.03302380532178,2.43032098663948,2.28853794997275,2.97675500118444,2.92748997479424,3.25202094028963,4.08964424235892,3.59987332274885,2.80091357457142,2.14404395798704,3.50029683687942,2.79456691848565,2.47657479104344,3.76183887861957,3.24569000487792,2.70266060556897,2.34817913488145,4.4335921783579,4.79057895360039,3.1761859231309,5.02788677479369,2.7591656537266,3.20022880189507,3.97750975160657,3.80723656047812,3.89940608712991,4.44627215978609,2.83296007409644,1.95941025425575,2.86630265149221,2.87918953260346,3.47779612821943,2.70852995920821,2.39216278925017,2.78944851191381,2.97371757733393,2.77847681457638,4.16148694551077,3.72643870479689,2.93881109097575,1.97472099811705,3.54380623212973,2.7974607106406,2.7154694322843,3.55077448390349
KKI2009-07,3.44960873470065,2.12979984356309,2.93467649388101,5.5951776192871,5.19605878307268,2.72859293349154,5.52531760291625,3.25415748852955,2.88958800251878,4.36095016460416,3.90126394261431,4.24461928924645,3.85933812630649,3.36094895907442,2.10985012062484,2.85309356472143,3.27578710534629,3.14462341760954,2.70728683510695,2.0682872172108,3.58076160563935,2.36723032410663,3.0647246237018,4.67768743069728,3.5029428224357,2.71775227473589,2.21217360661748,3.46778503684521,2.70342216773486,2.82406659633906,4.06739339147962,3.87342324711247,2.94037935731895,2.24427587784047,5.2170253086175,5.00713692778791,2.9521004552676,5.76935626344677,3.45454671879441,2.85704753261875,4.65703147469952,3.56649864562249,4.22862585362467,4.23628550137903,3.08183763698154,2.16792051648498,3.12139827849047,3.27734142517333,3.55920357947274,2.41832140587291,2.24573438500675,3.96091323328353,2.60665210055429,2.99253869162274,4.72678223446448,4.06673106636845,3.52879960095813,1.94452107314503,3.41471733485654,2.82006202445458,2.4759484094878,3.87175782125573
KKI2009-08,3.15156081448233,2.4295539088335,2.3589064826717,5.30139142356943,4.6808446373698,3.06665380022652,5.33311417684168,3.29444027808424,3.14827278415669,4.40840127961434,3.57064357652265,4.18278959468389,4.16722524715256,3.03964396947131,2.23916053203155,3.0318895094519,3.12858465049402,3.0250774907277,2.58602502117674,2.29519063506246,3.02745216350309,2.77219277181795,2.82188252430678,4.02052806181187,3.19404787679755,2.60941732279578,2.20345248123567,3.18158591349688,2.81949583731925,2.36653779906438,4.11675228516291,2.77903804943286,2.70693854755825,2.08251793986349,4.83861388993427,4.24684419121262,3.58133270098227,5.1486890747565,3.15391772119264,3.45817555684399,3.78504413251094,3.28381671332881,3.97133266861473,4.1278146351203,2.97511225197517,2.1346658050356,2.91465709898948,2.85979299838553,3.02304893776502,2.39426920752899,2.31862530738211,3.16998330860841,2.71681912892274,3.00499504619357,4.17036814379163,3.12068016718752,2.81345234922835,2.19149839590014,3.24439352193785,3.00494522985674,2.3243296630803,3.73167347826812
KKI2009-10,3.12645338017207,2.48542146981338,3.39486231002655,5.27681349636416,5.43146537658458,3.737371315872,5.62490434034986,3.05341933471562,4.16222030156125,3.86629397596911,4.4188438244837,3.81534193769129,4.65801428701435,3.16823387510537,2.81552622227436,3.20197105293966,3.33485248995324,3.58109822077122,4.0180401234369,2.56482095751015,3.29786931983592,2.75438842054979,3.55888764493401,3.95632212638348,3.81567948892683,2.7319893663892,2.59841778687679,3.87132290091243,3.32043013866219,3.0250537818478,4.08209187130592,3.2385918888776,2.74390633860941,3.54344754897426,5.31508642326934,5.53769333748596,4.25857546627857,6.20105773812174,2.74624954400606,4.20324364642716,3.92901555592834,4.09750108874098,3.89923958097552,5.18034442527539,3.12754430980398,2.68986666096885,3.13922530240077,4.03926472097571,3.61542985767046,4.12872111766319,2.73299167582656,3.16554402541896,2.89774223884512,3.1856617773915,4.33107657195096,4.08557642826751,3.03436747486203,2.27670188714868,4.47447822300586,3.50943066875738,2.90873843207955,4.26465603929814
KKI2009-11,2.60097382256504,2.25371259677441,3.05806979830792,5.55644607174067,4.88673351846999,3.04166759200764,5.30710643742043,3.02953453515459,3.67691326454405,4.20523188909965,4.31288837396315,3.70123314325987,4.01997741365931,3.35572074294735,2.19660579851114,3.03412874138385,2.98379351149864,2.84194202490435,3.13149944133144,2.10533558977075,2.95540170839929,2.27485801782548,3.19555429154628,3.75636014020554,2.64983887183216,2.30168618366266,2.02531938998189,3.36966873638707,2.67436233355508,2.56826876343125,4.03559959128582,3.26169783334025,2.49168027009681,2.89947234638558,5.0351066766921,4.43897925802297,2.95311961203804,5.11033461311163,2.91218658558279,3.56075514244968,3.88180042831839,3.80269430771862,3.79980077950788,3.65059836386948,3.15245238685754,2.02898325474885,2.53437327327949,3.08515754234214,2.96698242039563,3.21084053439105,2.37571385476196,2.90447125590085,2.93066681937769,2.98111357290411,4.2381158695178,3.38562234238741,2.5685867762805,2.00146338560322,3.47605282888702,2.62615943291919,2.62590791281749,3.93544474599386
KKI2009-12,3.5529736420132,2.34951456304196,2.52062930921081,5.34643507107305,5.18285033532634,2.91132176748391,5.7131299652806,3.23225138120237,3.56982995235848,4.50515950318675,3.81541222581439,3.92678350413778,4.56459659086743,3.82078376541707,2.35203020294053,2.75353260928676,3.27173448939128,3.05064812369601,3.1899279514206,2.45219249869941,3.34521463693945,2.58853002088004,2.8072815727274,4.38772839007865,3.45958397962691,2.77447730436234,2.11501339017858,3.56675046556282,3.39810973620515,2.57918922558631,4.16446722210692,3.87729334178497,2.78842373136404,2.58145562365591,4.90507541156397,4.90962195761244,3.72281994158246,5.32084591249384,2.98320341252038,3.57439844770972,4.15040565386939,3.77646873069983,4.0803065822517,4.28882726736274,3.21834448747236,2.18010840572314,3.27582903419939,4.02165169517199,3.56837283825476,3.33540817087636,2.56846532314717,3.20619945739793,2.89381864826842,2.73301652417082,4.74010090894644,3.76976361736351,3.02725953950296,2.0370686389373,3.6189833084327,3.04022811788032,2.49960899570035,4.22907971025046
KKI2009-13,3.31656064474216,2.15344879049919,2.86276999754237,6.10636216422721,5.3396416929844,2.9302166422986,5.57888392296074,4.00411788849587,3.76629814361898,3.90584087867275,4.26301471657711,3.9407083921463,4.29566888785258,3.89037711509885,2.24615698168295,2.92297119281829,3.14178876471587,2.79064516536009,3.71504092789804,2.0340020203593,3.24380527277413,2.29080738127491,3.35732160509044,4.40698311501729,2.73973124853418,2.61276622924281,2.02199184760549,3.7039536398381,2.43023584793715,2.77338027603486,4.31195211079041,3.33168749187813,2.4129321456943,2.62135761752504,5.78377076204727,5.2009270798952,2.9681365642644,5.20505611309281,3.7909082226021,3.16546051499599,3.82829897293652,4.18681792815865,3.95405810755362,4.09495885154192,3.68725843105283,2.09847081536108,2.83874206776975,3.21252027802863,3.14141052035466,3.18632616087932,1.89329940944943,3.66556749077014,2.49563818034064,3.21040157842933,4.2820819092965,3.13422177349974,2.95819236228984,1.93002127390983,3.73305972048363,2.57256341576775,2.69320557476526,4.33863998452329
KKI2009-14,2.94131621864927,2.79019149414067,2.43089634935946,5.10336132589649,5.01852679281386,3.55537194299513,5.40401223721183,3.03044284297205,3.39587031169993,3.91935128156261,3.69466708340393,3.55993632546247,4.23290823152455,2.6486653774676,2.94810758516516,2.44080228452418,3.19096549687908,2.59226934480958,2.47635239870053,2.14319343951494,2.83951390761964,2.75820870718517,3.2679712358106,3.8873446547067,3.10715220915255,3.02376646777212,2.18363691523376,3.43092808355363,3.07292604795,2.20766143026036,3.48064989887388,3.22241122486431,3.01532614378111,2.0565791241019,5.10967202952121,5.17324015026119,3.51089617737163,5.70419754896791,2.83601135462786,3.41706547553122,3.91993493037417,3.221804282775,3.43369725550571,4.52152588253269,2.80945331181798,2.5362548400636,3.04039097829081,3.535041290259,3.24999146192177,2.58702068086972,2.2306092369393,2.77712689389623,2.96052024306764,2.69733268776783,4.19765729278668,3.79822462953653,3.1939790162386,2.17686975192562,3.61322120684926,2.864095171152,2.01025820392635,3.4544412545284
KKI2009-15,2.9581392571657,2.25808047942,2.47803343321934,6.45570005030316,4.22694286879964,3.29516374910768,5.20823588058527,3.33618546769098,3.30577219507523,4.46358069058254,3.72792887021196,3.83591966398287,3.96332706368771,3.12119383094162,2.09842091099425,3.18066892442604,3.36540238533406,2.73245190791563,2.86111154480278,1.93108177666024,3.32384591403974,2.32145777666951,3.20523988240311,4.41931873544136,3.17520273912359,2.60207118319013,2.12008144645137,3.81758539117647,2.68961551571613,2.25633199645614,4.75570684791063,3.03638089778151,2.50296093744569,2.40237986727765,5.99870426886184,4.7474915924059,3.61329174387025,5.67913341553426,3.23134036229382,3.35087715702318,4.47798505897807,3.2675480309293,4.38686706804712,4.45621499083259,3.42811094786733,2.1905577925619,3.31064843993156,3.72594206687425,3.36036903955908,2.32443964220963,2.26792959247337,3.5142771876024,2.65507079876351,2.81534866485558,4.47973837149756,3.73993131338164,2.88293891038806,2.18822169154955,4.20030002764494,3.32921654575176,2.69851317149739,4.43267326170193
KKI2009-16,2.98040242214704,2.54288339419037,2.63390042494845,4.60049050319408,4.62180202903347,3.49521685434417,5.48442922333816,2.9294193347153,3.70179894544086,3.64747634545062,3.48198206347962,3.15534367279789,4.11527717329617,3.01003886499542,2.08994248480519,2.71073380644321,3.10941963774411,2.48330889246427,2.60246380267746,2.00502237405765,2.87638534727585,2.52167606876748,3.00313960759153,3.78443955620412,3.18866900377183,3.04856199162302,2.45385560543251,3.31775929649618,3.13781554096549,2.25026075010714,3.88429093788027,3.11526861870649,2.52900115286683,2.65322566292935,4.08351343628819,4.47692104646392,4.24185656698557,5.51603747506957,2.69791544044463,3.47176481113156,3.85899301962943,3.5056353234841,3.88084141206524,4.6301560944868,2.71855133261117,2.03652914935619,2.8299370317247,3.40675270783342,3.00256574096459,2.74642546046284,2.11877733933989,2.93996135148096,2.57775650355929,2.79355511842,3.80680707538013,3.67064839727442,3.08812915876831,2.35164947938936,3.56229871900054,3.71159637952976,2.56665368344766,3.91758679705712
KKI2009-17,2.95211839537128,2.93235940811314,2.47925311584878,5.35138297283607,5.06689863479942,3.68853278543585,5.72230611239825,3.02552350290616,3.65196156092693,3.9893412471512,3.84269451496077,3.6799658570547,4.50438074746308,2.60555972469825,2.40068619465663,2.51191172612214,3.26964951696433,2.5700656851321,2.71103138796554,2.25199532266365,2.77154288646562,2.80402658300408,3.22183549777722,3.9249881516999,3.15185083007983,2.96024003771466,2.22017493142442,3.54218515743706,3.11159279691519,2.278585066015,3.72445757668569,3.25680743881871,2.95390229799987,2.04489904465557,5.18115955193334,5.1592664305011,3.41798885108659,5.6716888052601,2.85204997812472,3.57730797076911,3.98325354625902,3.2873740750279,3.53246983146784,4.59915468655925,2.86041990909983,1.97331096634143,3.12250816096719,3.71982078573069,3.23452879329966,2.72051840743122,2.3158655082359,2.81597911413785,2.99369671873727,2.66055495553758,4.33283628362869,3.88388653558288,3.1108308036785,2.08394199115622,3.63050441978904,2.86041091552221,2.00710154983826,3.58779232960723
KKI2009-18,3.04441521154424,2.18284601534166,2.22637971820283,5.73378858331123,4.3872806376192,3.27794229246884,4.9899955971437,3.39347907549711,3.44224226244806,4.29052544871426,3.47524337757665,3.98429482741916,4.14303203057764,3.21953464807478,2.18974557597073,2.86760290250575,3.80347719678044,3.33001439310489,2.71148705201873,2.24528910524929,3.34220246000985,2.71056828366105,3.47786917772382,4.24333682341314,2.91800031321887,2.4929266237928,2.09574386533681,3.50497853646996,3.02928523238284,2.50670679398594,4.30519101763383,3.30841037281494,2.57836850130899,2.11292101325646,5.27586007523012,4.80806749283134,3.57808675848515,5.86615985156358,3.34232663252564,3.65689769531956,3.73084912336457,3.70322390945821,3.73674836610967,4.56792223867038,3.51003390945013,2.12709671834273,3.30040110799186,3.51043130724807,2.94144295566871,2.65740958655319,2.30765510298828,3.55258499841053,2.91676998141954,3.04899663251262,4.45793467411953,3.27705453889143,2.9770236498247,2.16277351426576,3.86304457289817,3.31047895338639,2.46608586127743,4.46724080358505
KKI2009-19,3.5266616501507,2.34801638601135,2.42866103568183,5.37407051508677,5.11596804730286,2.98458493366099,5.68004313433946,3.23566961316007,3.5635243912259,4.51585597218293,3.73446024927267,3.87294280380011,4.54746790365138,3.77229636088029,2.19826267759643,2.69880189982648,3.1930501944928,2.96197915088991,3.10649151049632,2.43885078707668,3.37921535636814,2.5482633821695,2.82601165168351,4.44792049122112,3.33965128364048,2.72534668163398,2.10111925236944,3.50438387635981,3.37737014333159,2.60215157973362,4.2066943821052,3.8860660148984,2.79448370005367,2.55567617166888,4.706178163844,4.92667914233148,3.70572658965354,5.33300075298567,2.985769454959,3.62312107812583,4.13653252102038,3.81367851728888,4.09200000843574,4.27177392311767,3.12331979066681,2.09622056143624,3.27193062830403,3.95345855843835,3.54418440379379,3.30676669337288,2.50336730396713,3.21866566752142,2.88855972308499,2.69698773499066,4.69793876344945,3.76881816617778,2.97180880009414,2.01453338542907,3.60667863404947,3.02719341212753,2.5341224972407,4.29491738367059
KKI2009-20,3.38973373503731,2.22916984311734,2.36103280194035,5.45393095009386,5.08510117260067,2.99141172322564,5.24368810590554,3.30648566957836,3.26158092790964,4.40619149561,3.83597628055233,3.86586159602491,4.25189556094369,3.09104095250111,2.39838954849624,2.78054960497788,3.37895506098942,3.08715103850865,2.40750495619345,2.3378078861983,2.91878648558473,2.92357251917665,3.22236857022785,4.05216393914309,3.55192594119821,2.84611406887186,2.15900626636548,3.61259642046266,2.83125698289233,2.56153072699245,3.84768739945026,3.19741524251566,2.66982092800481,2.31586808718035,4.50284461635211,4.90866965414851,3.05841526383173,5.22008591544611,2.8158271338752,3.07347661342258,4.15973083255574,3.74929233298911,4.01521867051522,4.46306696109791,2.8965501735506,2.14010884216421,2.91043797470006,2.94885460469181,3.59720395097951,2.5913536566936,2.4353904972225,2.75913182720139,3.04811092480131,2.87895432909535,4.19578087302314,3.85304086071942,2.98692127425191,1.98813109278647,3.63723442200285,2.83860451464954,2.72451056800311,3.46612207911629
KKI2009-21,3.08238483473204,2.47646998020417,3.33624946872795,5.36738277745253,5.2805350454094,3.67232542241034,5.45089453696025,2.92656471269351,4.10348868825871,3.8013964917757,4.37766437933943,3.76731036122226,4.6221711480013,3.06042010337614,2.51229928959865,3.12457781190117,3.34336491966747,3.47115415105779,3.96879350454034,2.6489223476955,3.16864403528126,2.85344654071534,3.42899554752878,3.9678050854266,3.66813705280289,2.58390058868769,2.45340153650888,3.8161706623801,3.44219542312643,3.05093658144638,4.04220807133203,3.10802052184246,2.64472566745129,3.46493568898279,5.31533755559844,5.30611267139942,4.14849194859154,6.08177884063677,2.74540974765709,4.16113578851709,3.75581477767605,3.95195335298818,3.8837108957279,4.90108914529616,3.08258221208167,2.5667870143339,3.08718572171848,3.93818487255437,3.57453162389911,4.05718894726111,2.5098983705316,2.97983088432732,2.90238735159928,3.05627102044943,4.32203827189936,3.88216911836664,2.89957821308651,2.11354647777304,4.17176946367922,3.23231743061945,2.87409647190814,4.19858151036788
KKI2009-22,3.35081894652249,2.48010118495574,2.45149992458439,4.81418228645788,4.51035575221221,2.71728160528129,4.95537694038766,3.54597854234816,2.98481497222444,4.13321167714776,3.62650757458227,3.95026583381697,3.71169381592462,3.39893850139871,2.09796218617352,2.89889552028091,3.23003179530786,2.82995609113339,2.19627665597571,1.78503683640379,3.24465732231491,2.31438121812998,3.30923910509408,4.43379964990932,3.13792371364082,2.62775446514606,2.04305863020304,3.18579497844053,2.46192513183011,2.54907541238019,3.73889499493888,3.66001148516132,2.57584698611616,2.33595497115544,4.08030713564578,4.84217567025794,3.50114535225714,5.0726638942131,3.10772466696726,3.05139065043426,4.17119566588055,3.16120479880791,4.12403668396356,4.2191847670071,3.15102157183176,2.075415290424,2.95648058401818,3.11492005122446,2.77718815293948,2.99273170027152,2.10046333802842,3.55140490212964,2.57680750630006,3.07784081417198,4.59341031667118,3.58437153283974,3.07870358793611,2.0826619234178,3.63902673708224,2.48757310555693,2.60541063826313,3.98049994319262
KKI2009-23,3.09245343661128,2.80864476230301,2.6856150706639,4.99095690365604,5.0210246348236,3.39398571261314,5.0743286077475,2.9478941511782,3.64748606198931,4.29289455172221,4.32313380695127,4.16319104846251,4.29142631699871,3.71652098211834,2.32005530130692,2.78957172236484,2.85772646578176,2.67541027918794,3.48667133860827,2.21762230131887,3.49384132573871,2.52463271788099,2.81346364919991,4.29461766919153,3.36254076031799,2.92822275099418,2.34948616317831,3.64740917822085,3.10311918596571,2.5680946932981,4.132645265849,3.48608378883232,2.56519709217704,2.09975655388723,4.61834647782666,4.53333033817348,3.64277738810293,5.09874340867772,2.88107308396206,3.39406473694835,4.08254189240889,3.28098754218787,4.16637084642417,3.91488713487598,3.17727904293957,2.05673121121187,3.00806275323286,3.28711469376516,2.8319969493605,2.5592370270725,2.26448310663706,3.3061781677344,2.44743603464667,2.86040811863829,4.01762982499226,3.45358627907111,3.02839913497685,2.38974279014933,3.4210427241965,3.15671558114313,2.13850727547278,3.90095145619653
KKI2009-24,3.29167805314219,2.07566956873015,2.92360245301458,6.78655377682725,5.20530074957656,2.73601959085107,5.68381562677552,3.91693940777479,3.61247708163583,4.04253190491402,4.40207854303819,4.0771695479324,4.2550213650022,3.99791013198649,2.28817407982914,2.98863856998893,3.26016195010375,2.79618097167341,3.92036948151247,1.98395333884319,3.1734153345078,2.25972988450903,3.33462953438157,4.35127175867944,2.76395908994016,2.6038985002523,1.9209899024652,3.87460546437602,2.35688129772277,2.67201384395706,4.40062069113668,3.20620386646497,2.30713289827987,2.59588603766185,6.28352327666476,5.33018294929504,2.86751378108436,5.38919098765449,3.68054452962366,3.10845793128902,3.89680874659595,4.15674712708378,4.00560051754387,4.11819892907837,3.79341731479531,2.12091094446775,2.86625093890709,3.16140440640524,3.05185244047967,3.24963754072682,1.96928317670428,3.62369314056619,2.62555836335829,3.1717027740419,4.43621825918487,3.14533463488789,2.94657611968764,1.85949141039522,3.824501152321,2.59337442993761,2.58716074955538,4.13594607016334
KKI2009-25,3.18419340457985,2.93431029395377,2.43549871475411,5.44849752191829,4.76724313734672,3.16472227846913,4.90772367095514,3.50295386960378,3.31581394232182,4.19189864461699,3.98302657456541,4.29732417245862,4.04855266460633,3.421318726842,2.47201350305049,3.19234513022009,3.62497489278374,3.52410154909118,2.79820299424609,2.47953396615958,3.34117193627755,2.75088552123944,3.27443004004209,4.19494351728305,3.3970407592827,3.10737286436957,2.26685522503975,3.4192419663054,2.98037495261137,2.791644379688,4.19088344680627,3.92113484123812,3.09670753609198,2.36498423930658,5.37791740827779,5.11545475318589,3.85148688971569,5.43585510633275,3.34823790617153,3.15077738265477,4.02279761977624,3.48635994235901,4.29085612957694,4.61329391932695,3.4121956116091,2.68532035064674,3.36143598317069,3.57548019528152,3.51729569067851,2.88418620271728,2.54034458165427,3.10581082576511,2.98565392707278,3.17170633905538,4.44376995612621,3.61020346150928,3.31087247306045,2.20880932218652,3.66572366276162,3.60016722656209,2.88716047339969,4.42178751548287
KKI2009-26,2.86189077415806,2.18389318020566,2.45508093587956,5.65584684053522,4.19683683834132,3.35878339598858,5.21622769105319,3.30841333007521,3.32861691979742,4.23350746945825,3.70873460969692,3.31792939159902,3.98604371632911,3.10063389422527,2.13379156081894,3.08260396515252,3.24098661757131,2.68535877331052,2.96225177404782,1.90695811477725,3.14914185897177,2.30744766924852,3.19392929835175,4.45328333803663,3.01909793348675,2.47774664768116,2.14571527263744,3.80428928260716,2.58678242466476,2.28394118396358,4.66132470655636,2.97230307489145,2.5699578037705,2.41212948902168,5.60722106535893,4.74771843682312,3.80240628300083,5.69241516694503,3.22758956696613,3.41946133778342,4.34126248998259,3.30537392318489,4.10879596778304,4.39803020982323,3.35600173264994,2.14064660612462,3.25436277162749,3.68491369889755,3.25737285447406,2.44943731240327,2.3295725597407,3.47241168341107,2.67677889932147,2.84739671789432,4.31001182101416,3.68037495997511,2.80687106028199,2.16508285339467,4.17753398654883,3.49348601819376,2.79397268637926,4.53700780978614
KKI2009-27,2.99374092601066,2.60895226783111,2.80220034730926,5.1227322592961,5.05977378457878,3.38015621531981,5.40425588516097,2.88033870790593,3.87690968288885,4.13268083387719,4.54682486063183,4.02932017678613,4.48554562140706,3.71649430640126,2.20964371407632,2.75462984470624,2.86100239552061,2.62677000899205,3.8438548467376,2.14669529089148,3.33997546721261,2.39923034974979,2.67871557403829,4.07871021714543,3.2235413341936,2.6875512533841,2.22422491220412,3.77432078089396,2.93859912185539,2.51217287582971,4.14231726889952,3.4170617778571,2.56957014523427,2.07053046018019,4.81738920204536,4.63035487833332,3.51061020983964,5.36248255531348,2.84802856089053,3.51605620192793,3.9470938635605,3.48295196160252,4.0920660658215,4.08826075420269,3.09759981285757,1.99547086232745,2.92662873619761,3.15300134974917,2.77380895459759,2.80855067527379,2.20891945756448,3.16279917831486,2.47158868432799,2.73555637060732,4.0242881695678,3.29563519467755,2.85069714996373,2.13711507055899,3.47820002388133,2.97140438035303,2.12629084055275,3.91009661738871
KKI2009-28,3.18232591849353,2.63828757683521,3.01829812385674,5.4260299960865,5.08648013300021,4.08675981041797,5.7436618359246,3.32273664000528,3.46281379776204,4.03239042745479,3.68356568379392,3.84013395400533,4.39006017187826,3.12568957402659,2.41556420359521,3.1067439116295,3.63494523555848,3.03134826102814,3.35111204343323,2.43248684106405,3.28474550176423,3.0661038478122,3.5412471551262,4.32884349878325,3.66782747253451,2.79546534061946,2.52790110431066,3.66531988585337,3.44325752891274,2.86265674246519,4.68102732368906,3.2276984331085,2.85805534348782,2.40486881442099,5.38658322861771,4.73097106152693,3.81775516908446,5.29943695640992,3.44307417721556,3.02202143149617,3.90576074986272,3.26057890553582,3.87934544694829,4.45004484237458,2.99461879613001,2.16828844955134,3.65950571605388,3.45780582357969,3.67231602902506,2.83147581846257,2.72998123316046,3.24454493869577,2.93270613517797,3.42686983764277,4.76077065513775,3.81973561257265,3.0777177117258,2.52153559243111,3.71928861493554,3.53321749969632,2.71888366522534,4.13073935398017
KKI2009-29,3.29082459830574,2.18114212629549,2.04253224246689,4.83175764301945,4.45501311465957,3.1988283530171,4.85192397767782,3.11744120618996,2.90879016789777,3.90793117298755,3.56406969986164,3.44682644074761,4.23656060324019,2.8086787232526,1.96827749628897,2.79867060652979,2.9176890260555,2.77213808455131,2.24242743044086,2.0572996967028,3.07309058834781,2.52425754243351,2.76619979666405,3.96782510888727,2.92858230108374,2.40428617403623,2.12290327856692,2.86324723272248,2.69224825020536,2.22688966368991,3.85937003612223,2.70364680990693,2.35860953545614,1.93023096066492,4.98664377592705,4.35375458054776,3.48706279146168,4.80090268591737,2.93311801919089,3.31517754370361,3.62662957249498,3.24074011087795,3.63176567946576,4.04759637757736,2.8410660882557,1.99515357001812,2.77053279135441,2.83990568173465,2.81539464868773,2.13496160687822,2.13987368580467,3.05199137104524,2.41165239150884,2.78132383381479,3.9906772431996,2.80284826135032,2.60743624845333,2.04867486396214,3.07700482096642,2.7533648214285,2.26850322674591,3.76440115358522
KKI2009-30,2.75425979033783,2.205629753521,2.70597131324293,5.45631073938945,4.74780803469753,2.95655862805497,5.15636863347759,3.17161208711667,3.22330101114024,4.06359076093037,3.79717823632719,3.58884802356622,4.11067353360091,3.42390780735079,2.09059458963303,2.79771789198399,3.24349910130083,2.89329710979333,3.13462832498594,2.27778943472493,2.96733262104575,2.91159942855059,3.03486061698203,3.990331877197,3.13665388299994,2.41547536692226,2.02657554777244,3.63298648531611,2.95259215098643,2.66955238908803,4.39565921270979,3.10243042787917,2.19844745445611,2.69687827688295,5.06076229115327,5.03933513001178,2.98400374079471,5.73827817334399,2.93095653165389,3.3935331939055,3.87075599080509,3.44492391190413,3.95954386701434,4.01952553263445,3.26965130298364,2.13684527526174,2.55237017284764,3.32421573919936,2.79893608728964,2.79634971259321,1.97771939827563,3.02652442308082,2.56749142499898,2.79379636568537,4.26595238543428,3.39613498263957,2.63109998234864,2.00463184831906,3.39131056783769,2.37130526003479,2.43581013528281,4.30452188993209
KKI2009-31,2.94682482709408,2.18349210835381,2.54246130407849,6.33123613665166,5.36606826627989,3.27662220467629,5.92470884678685,3.37875850036208,3.31461625353484,4.31500796133254,3.78597199005892,4.32630935861654,4.61389268269859,3.55061022854173,2.12994375177854,2.776636316545,3.10601683558024,2.86501370634071,2.91472447900092,1.95161108685507,2.57703522968567,2.60813806664305,3.09796409219153,4.0375005612089,2.77619471821359,2.49267611922551,1.97015047502921,3.86068774712696,3.11620445315438,2.56736168950351,3.89743139002977,2.88170113621283,2.4917456237085,2.34506389381515,6.37135378484743,5.69424898003879,3.25369110782006,6.01260462731176,2.93988291791721,2.98297375475571,3.99973431314649,3.94685876910198,4.24022399825125,4.49789752263247,3.70158415969923,2.04027553107501,3.05511310489254,3.25013234746853,3.19521702704762,2.9981922827489,2.1398774892379,2.94251236492618,2.66291603066037,2.87394649682835,4.15799929453549,2.95718128524493,2.98180520747338,1.87078599098094,4.38361723458016,2.88444234647214,2.29897453477306,4.35875667962913
KKI2009-32,2.95698734103383,2.5560722167323,2.55212328285479,5.19848813466395,4.3925128110307,3.4332309021885,4.950691241313,2.98595569753738,3.2608442597918,3.66090011361714,3.1165235173001,3.73352360225826,3.92326356487001,2.87284250068612,2.19412774248508,2.67898490983566,2.81437254340325,2.54769808903963,2.69103627944084,2.65769402757372,2.92790336262801,2.49027909816304,3.02017261226595,3.68163766031562,2.98879166474466,2.6026235289591,2.63741857381738,3.25130337301554,3.33534592764347,2.01886789865529,3.3489402125796,3.42457202467983,2.74455529292747,2.25009154465817,5.5103804462987,4.33387158030985,3.82346484832967,5.36432994811328,2.69886331551519,3.37112021775081,3.5339638222404,3.08839315434143,3.8142978957562,4.53918894211376,2.62564161829933,2.30064714583218,2.82126367757631,2.73082001780977,2.7580295313398,2.4609668638589,2.47527680408846,2.78640369847664,2.89075071290343,2.8517846471094,4.15358896682065,3.21633501642295,3.01468762295449,2.39576076773319,3.74943601386312,3.15646370427947,1.96879794426738,3.22581750784728
KKI2009-33,2.70597042671083,2.23731943791577,2.58141375623322,5.23101375626139,4.70801538147642,2.96351251758136,5.07177004220457,3.15692449446841,3.17340979882787,4.02636864122501,3.77729648456891,3.80292562333172,3.93107102185673,3.4400844153991,2.57037398902616,2.77382555465703,3.21263909489903,2.75643033746831,3.00831073859809,2.17522419620873,2.87055861890217,2.92071117828867,3.09242225661129,4.10962388851797,2.95746792645584,2.48745494745921,2.1375778384839,3.62110554889098,2.83188635451992,2.64687833933867,4.35815835977212,3.00371013608521,2.35344885412596,2.66171346350414,4.9752979960414,4.9403069791894,3.05293968106116,5.63861999039221,2.89475788771842,3.34623330579501,3.77892264922034,3.48603411381027,4.0377392755218,4.01958234530936,3.19696510404696,2.57756909372796,2.7990633887904,3.41837354572092,3.0406153447418,2.80006817626204,2.28089885776925,3.0350456491977,2.96212396219179,2.83546980931811,4.49705763953034,3.53482038538065,2.7738372304855,2.22099896301764,3.4303050334672,2.47791479955785,2.5394555524965,4.28099596874941
KKI2009-34,3.39448309307261,2.17699234319399,2.76922985473967,5.76148714339461,5.18298697751453,2.68913315046303,5.3943590730465,3.2458716672455,2.74479665173514,4.44005794994872,3.67736937578372,4.47870834072619,3.86388257234924,3.51438937905765,2.10250676118046,2.83607855955189,3.27441724064971,3.24904706095833,2.48205786567089,2.07967904911769,3.56810649002379,2.34652604213299,3.08077225404306,4.7953206348514,3.78715031129952,2.76782298868428,2.21546539199272,3.44096722720531,2.70274427129355,2.67257335869499,3.9534152127393,3.83943448066711,2.88950261379958,2.17148113671355,5.20421644348056,4.96040403428974,2.87888991250036,5.57477243591519,3.50988089183743,2.86047037809118,4.55810918554082,3.5163650617766,4.28069434938014,4.16748163492872,3.25601159218025,2.23867110708556,3.18195415161462,3.38097802838252,3.63348137412874,2.22248889627426,2.21599290440237,3.97730815702901,2.584374834179,2.9538831767878,4.7240013170858,4.03845446403041,3.583350623052,1.86787973262695,3.51246649452236,2.77690827651873,2.46414931688695,3.92739308542866
KKI2009-35,2.88585458456549,2.5218731286987,2.53978810756621,4.87246743647382,4.45397471627123,3.30333601548555,5.44487234835664,2.93041514819659,3.46003818050465,3.71081238211036,3.42646368524062,3.28194362643996,3.9181259667972,2.82204178211388,2.06321993749091,2.64230208411416,3.16467058835352,2.51415481584134,2.41737301986297,1.98264730356634,2.85480767487577,2.39255545396976,2.87475123427968,3.58882607870742,3.16943650309577,2.96276051886612,2.31350535172652,3.27122840277564,3.03141483279989,2.17048058993026,3.69863020101189,3.25638273647984,2.51493884073086,2.58343574025368,4.62214039696365,4.28226483870291,4.05429320288828,5.68727736385539,2.51066626418941,3.34366578685135,3.9904462774223,3.43055481971224,4.04077595392937,4.47771912168798,2.71460445593231,1.93084902818813,2.76508524540021,3.58703120164017,2.99707359430126,2.7273763953948,2.04643079394179,2.90561266802069,2.46538581927327,2.70781079822937,3.7922850670055,3.92770153616148,3.0406576405107,2.23628332634036,3.53800612571255,3.59186152079669,2.44429406122206,3.57549912716797
KKI2009-36,3.01873394477204,2.29330760574258,2.57731735893178,5.37364820232946,4.38134094021593,3.38057375624755,4.63999402329141,2.91064249678679,3.28253764112447,3.57934668866661,3.20121077712671,3.56091419021855,3.78878717588623,2.82277053273127,1.96801434938724,2.63870619642069,2.75216961698195,2.40225821068838,2.67599248112058,2.12382585246379,3.05467688824092,2.08062481698394,2.91794501561918,3.66799669853751,2.83879299266448,2.51664546742065,2.49443135454773,3.21383248466437,3.21538541039687,1.95864211854024,3.30398303971108,3.57480249404907,2.55025633003401,2.20567750362378,5.55144704382713,4.53113315440554,3.84096329059,5.16169178627672,2.83161880000064,3.3311880394608,3.38136473891835,3.2462964096948,3.63326580615083,4.44407441911837,2.6235715457354,1.9699650198494,2.78542189585888,2.907064783298,2.77701037259478,2.53258932904273,2.21315711723353,2.92959061346279,2.5970228438761,2.87468931709017,4.11412770061631,3.24059093351191,2.8723794284969,2.28323764507645,3.68524169287902,3.08922748133005,1.85566652545782,3.22804454562315
KKI2009-37,3.17271156519004,2.67104044063513,2.17528444232138,5.45164567303139,4.24631758588578,3.21098969132184,4.49759826926277,2.81890641635344,3.26387367761266,3.98970777209336,3.38296365737915,3.61648294685684,3.74985838068185,3.37430325751829,1.96852849501779,2.90869867049098,3.18915520909598,2.99915222065065,2.39528187384281,2.10273737135708,2.9541697837998,2.21998795107921,2.77311880816516,3.9144991992698,3.26095672639717,2.63717812341558,2.00153610336451,3.3822584190142,3.06372574963445,2.15545536803036,3.81869396267513,3.02902274841188,2.8002795189396,2.32392186746434,5.49797256781136,4.62694574938134,3.54592324072586,4.99902107575738,2.87768434817563,3.57891754620282,3.97710258066325,3.06362262384213,3.47140544807183,4.3225491656493,3.24242968843042,2.03196333773644,2.77192361734864,3.1823833597068,3.13966472085598,2.7970569511668,2.06561198397668,3.32106880761507,2.50282654592937,2.79983667099584,3.76437122585255,3.72740240862234,2.98897247380771,2.05551990615813,3.54209401611174,2.82050224183051,2.45076463768706,3.51099678022857
KKI2009-38,2.88546315648608,2.02710246840524,2.22687135243251,6.39183357579142,4.49520847777878,3.21799208078854,5.41060098666798,3.36859015232857,3.61252993674629,4.33336228074856,3.46994559426808,4.140189102986,4.26171734473233,3.4456413047601,2.53173741348554,2.77315893087571,3.85687259123598,3.25020003417285,2.5285859767714,2.50469299177414,3.16967361430937,2.73625548106653,3.31494058506461,4.14680931719873,2.69318086121789,2.37449559456729,1.98328875022518,3.57350477486734,2.97103293294224,2.37465245977133,3.96564726816188,3.01979938547831,2.40933151871924,2.1795951270042,5.60249690164109,4.81655344509187,3.40373160187043,6.09699221495987,3.21524668169825,3.6370473269607,3.65548739120646,3.68614764762211,3.73552429757381,4.67346761100137,3.58698990853875,2.5312038470616,3.23821497887134,3.53076268716547,2.88461181489066,2.64572922869956,2.23585907712945,3.28993000473229,3.15202378738466,2.97745666300004,4.43559237487086,3.04459338311965,2.88969748929925,2.11685299552026,3.82471042124484,3.24506008956263,2.39330890261789,4.13975261141445
KKI2009-39,3.17298168750065,2.45018079411018,2.98354080143063,5.12281088641904,5.17209793504091,2.83492422074169,4.96717994952277,3.74315351893893,3.60468045825696,4.1534435874548,3.77360665820778,3.6004554180885,3.88355137848639,3.16633389003692,2.38664518832076,2.76170384839539,2.96671749872445,2.93034880216965,3.25112952452769,2.00028006530732,3.60373198071813,2.44508614680489,3.46058567761902,4.27546557336471,2.9751826222064,2.6409168927376,2.02860853238608,3.47582707825419,3.17412305205483,2.83740841298147,4.10094513092301,3.73044275850432,2.63790022794287,2.48823458266643,5.86001010888246,5.17926540385388,3.3799199356876,5.27108242785662,3.60047464455002,3.48235951832837,4.09622337429794,3.65090377829386,3.78067808682911,4.16750935244727,3.70353174939417,2.15117821447655,3.32035992061413,3.59594653900153,3.91567988060333,3.109512341979,2.17906873673065,3.67451647600723,2.72925921286115,3.17952616623875,4.44704405506829,3.79561007870007,3.16246210886864,1.97685442360257,3.41430727819215,2.8660681432525,2.89418206801721,4.00080182574485
KKI2009-40,3.05477905372141,2.58737939044044,2.81751316115897,5.97955872002591,5.00655000723491,4.12640327728937,5.72058187473103,3.38311517490306,3.23877972688078,3.93771930629679,3.56555295192997,3.88737979800367,4.31591814279119,3.16938190413819,2.35441105603687,2.9692986006944,3.46997383885482,2.97298203027526,3.07236868425434,2.13298654921878,3.26366570490481,2.71223879158028,3.55269751688544,4.30979523323554,3.55651190817616,2.78261959909327,2.52129024333612,3.63049540203055,3.41291379358916,2.73106338135846,4.34870683410974,3.2127098176074,2.83647098142256,2.36731108985598,5.44319165743128,4.65351690498676,3.91939303213599,5.31299261557669,3.52310632789037,2.99448370612585,3.87576270828101,3.23489516628165,3.88706697499841,4.43265664519955,2.88269891368872,2.11830030990253,3.60883655328796,3.45654952323143,3.64726643875734,2.84109233885351,2.46231748094001,3.27137937461814,2.7827732328208,3.43154492257781,4.79771916341302,3.67968531865509,3.11068783115337,2.47703823734601,3.84958212429934,3.61946852062185,2.60189075922323,3.9956620335405
KKI2009-41,3.33275677693938,2.36272416017864,2.92007202509512,5.654255361025,5.21477714808741,2.79229503182475,4.85753457244509,3.63152003356724,3.48900078015348,4.35559509988638,3.82640101694261,3.62967874587233,3.92054333962772,3.21747850367617,2.49697458804664,2.85353368135124,3.11290197265126,3.04430882821678,3.20710121945528,2.04550232494089,3.43297816210152,2.53820533962242,3.38056145776022,4.1546827723352,3.1391388947667,2.70239395578112,1.99019194484653,3.56325521903665,3.17753852387028,2.8180224579874,4.07139335080244,3.82409150051659,2.59656646058591,2.49787414039033,6.48023226373386,5.43547407926371,3.31952506719634,5.19224998372152,3.57900170018848,3.55466203055267,4.25334235211426,3.7469793635877,4.04841212761968,4.07134652990771,4.06499256773389,2.29622071986404,3.25665638337901,3.67589997247376,4.07583967597404,3.17508298161307,2.19379189168107,3.66017875333027,2.68705913664248,3.15752966868435,4.42978586272179,3.92644353941353,3.28060625040008,1.94306018129218,3.38717151975186,2.7692920995489,2.79793451271661,3.92322193096525
KKI2009-42,2.91627785338067,2.45532277445052,2.5599692648493,5.49241864153084,4.92496426048593,3.14607944901308,5.53472488602733,3.30897883646455,3.64629664346848,4.34916046921069,3.36280743693033,4.26322007770352,4.4717202301212,3.75636815209287,2.11354617510452,3.19363170581026,3.1697027767187,3.37215448543768,2.54529868280966,2.10680902731566,3.1509639381507,2.61557607859413,3.21279751908037,4.45232745829312,3.73550867666757,2.93554768976516,2.09255293447827,3.77972704105081,2.94557162198314,2.7723106150278,4.03676694397504,3.44763389062556,2.51814418758491,2.39979447991837,4.75599212791951,4.43823592067631,2.98192256212901,5.2023625587301,3.04304309039301,3.34531440725479,3.76375012217069,3.50610295718125,4.23989586767604,4.21252798847286,3.48844937575696,2.0524856211665,2.89264910027769,2.86853927449445,2.84825448695053,2.85497965520213,2.04696691290881,2.97163573921073,2.52265926050465,2.97624744678846,4.29813933077621,3.25174545258792,2.84765703961286,1.97070044155164,3.66620607767153,2.70761416637367,2.50767842202351,3.78976060330721
